"password","last_login","id","created_at","updated_at","email","phone","full_name","is_staff","is_active","is_superuser","date_of_birth","gender","terms_accepted","terms_accepted_at","terms_version","role","state","suspended_at","deactivated_at","is_email_verified","is_phone_verified","country_code","by_admin"
"pbkdf2_sha256$1200000$PnwoU5J5Yhmn27wzQZkkY3$P/XJXYOiVwZr/tGdhK39YzWdUt53qqIDATg/0grGyVc=",NULL,"ac090919-815f-48f3-bf8e-07e69a0bc78c","2025-12-26 05:37:06.457727+00","2025-12-26 05:37:06.457743+00","drrohan@gmail.com","2321331232","rohan kumar",False,True,False,"1889-03-06","male",True,NULL,NULL,"doctor","created",NULL,NULL,True,False,"+91",False
"pbkdf2_sha256$720000$woLp31bN+5pimAK1$SBxnuFJRJJDmIHtdkDyVgt4/dSgxAWCGutH04frAlIc=",NULL,"0246a36d-6acf-460b-9206-33ae069290e3","2025-11-07 00:14:17+00","2025-11-18 07:35:21+00","cookashley@example.org","5997106784148","Pamela Huerta",False,True,False,"2006-10-17","other",True,"2025-11-07 00:14:17+00","1.0.0","doctor","active",NULL,NULL,True,False,"+91",False
"pbkdf2_sha256$720000$SVoxkCB5eynEPo0S$Sa6Pvo9uMUFWgYyfVmzKOKNU1I2mHJ1jrAgEwEA6o8I=",NULL,"a3804e08-ead6-4eb7-8220-6591417975be","2025-12-12 00:25:45+00","2025-12-25 01:44:19+00","jennajohnson@example.org","5611874028017","Robert Mcgrath",False,True,False,"1945-01-02","male",True,"2025-12-12 00:25:45+00","1.0.0","doctor","active",NULL,NULL,False,False,"+91",False
"pbkdf2_sha256$720000$A2KKQXqIWq1VERKM$iFFR9+XMmArplrJ1aa052xKUaY+4WHUZvmeAcT3kAqA=",NULL,"0cc8e58d-980f-45ef-864a-4967ce79e262","2025-11-04 06:30:36+00","2025-12-19 02:44:57+00","williamperez@example.net","2578999148590","Jesse Leon",False,True,False,"1985-01-27","female",True,"2025-11-04 06:30:36+00","1.0.0","doctor","active",NULL,NULL,False,False,"+91",False
"pbkdf2_sha256$720000$A00eyJaRA+8KN1eH$/UgkXwCy1TGZ3IESuJmJuYjNUwAEYdzJJD4LIKy2K90=",NULL,"a3171ab8-bd1e-4c6a-9312-00924bf87803","2025-09-30 00:10:49+00","2025-11-04 04:28:09+00","vfreeman@example.org","2094976124106","Carol Velez",False,True,False,"1954-04-26","other",True,"2025-09-30 00:10:49+00","1.0.0","doctor","active",NULL,NULL,True,False,"+91",False
"pbkdf2_sha256$720000$p91+HPTkirRR7w5J$GqlQUx9yeTkSHkevMGhvy2EViAlhZLoFE4goXfzxpKw=",NULL,"ce0ddddc-70cc-445b-b31d-d0abfca9a002","2025-12-20 21:18:45+00","2025-12-23 22:45:16+00","dthompson@example.net","7112285460643","Dan Nguyen",False,True,False,"2007-11-18","male",True,"2025-12-20 21:18:45+00","1.0.0","doctor","active",NULL,NULL,True,True,"+91",False
"pbkdf2_sha256$720000$1Ruu6k+Stw2nbfOp$UzWsxW85AyLvvIkn10cjj04q8eWj1PlltgqCttk2Rn8=",NULL,"cc4d7101-b03b-43a8-8196-ebc5d2ae4bc8","2025-12-09 21:50:27+00","2025-12-19 20:13:27+00","heidilove@example.net","4316710103762","Matthew Carey",False,True,False,"1956-05-09","other",True,"2025-12-09 21:50:27+00","1.0.0","doctor","active",NULL,NULL,True,False,"+91",False
"pbkdf2_sha256$720000$fEymG7eIMixitHex$ZY3uBiK+CRWJQNvUKG36t3V/4/g/i55/hY/rHMzwd28=",NULL,"78bcc947-5485-4e58-9b0e-869a9f1b8d9b","2025-11-07 11:17:49+00","2025-11-08 21:48:19+00","rkirby@example.org","6014068526535","Kristine Bowers",False,True,False,"1998-09-08","male",True,"2025-11-07 11:17:49+00","1.0.0","doctor","active",NULL,NULL,True,True,"+91",False
"pbkdf2_sha256$720000$H/UKDscDqicfbsru$F+eYIxqtHafLonnqI2nhdhlKbFecZGDyh/BJkpo3kVI=",NULL,"845f1dcc-1dd1-487c-a267-cffc0838c3c8","2025-11-25 17:07:19+00","2025-12-14 14:36:11+00","bensonjenna@example.net","7087046228549","Kelly Allen",False,True,False,"1954-07-04","male",True,"2025-11-25 17:07:19+00","1.0.0","doctor","active",NULL,NULL,True,True,"+91",False
"pbkdf2_sha256$720000$Mlvvo27Ljhujxdri$p26RbRZhd6Yo7PlYQUdXP/RBS/26+ueinGrwGwdqsrg=",NULL,"439b2582-ddac-4f66-829a-949ea635afad","2025-11-24 11:58:59+00","2025-12-10 19:57:18+00","jamespham@example.com","3778298571350","Richard Crane",False,True,False,"1965-04-10","other",True,"2025-11-24 11:58:59+00","1.0.0","doctor","active",NULL,NULL,False,True,"+91",False
"pbkdf2_sha256$720000$b357XXWSN/82CNFE$IYCSxz/cVv1yLnSUyUk4gETsBdCVXwKcVssYtbrgwL4=",NULL,"0ee38ce9-cdae-48f1-9229-c086a653add5","2025-12-04 16:51:12+00","2025-12-20 15:00:41+00","john30@example.org","1591063456132","Kelsey Salazar",False,True,False,"1994-03-02","female",True,"2025-12-04 16:51:12+00","1.0.0","doctor","active",NULL,NULL,True,False,"+91",False
"pbkdf2_sha256$720000$UvJhxd7k/tYIOh2K$5iLkhOv/0T3RSP8L1H065KMyeYpVyLzHhh6raR4lqzY=",NULL,"e6051550-65d7-4cb3-9f2b-ea0a65b08f0b","2025-12-18 09:02:45+00","2025-12-20 02:46:11+00","roberthunter@example.net","7300492713876","Travis Schneider",False,True,False,"1977-10-19","male",True,"2025-12-18 09:02:45+00","1.0.0","doctor","active",NULL,NULL,True,False,"+91",False
"pbkdf2_sha256$720000$yRKTgoLPp1cJiADj$VGGnvIV32jR4WMxIEnsJIpzZG4dKZydCBi/7FPYgRBM=",NULL,"5a39a34f-327a-46d7-8fbf-537736b26436","2025-11-30 09:34:16+00","2025-12-07 19:31:43+00","hilllisa@example.org","5816984844514","Gabriel Mann",False,True,False,"1957-09-21","female",True,"2025-11-30 09:34:16+00","1.0.0","doctor","active",NULL,NULL,False,False,"+91",False
"pbkdf2_sha256$720000$7eLeb4Fux6PEzQJW$u1NONhsAW6BmVkNoTDifR8Jf/LMdP8KCSP8FgX+qRGo=",NULL,"3d896573-97f7-454d-a93b-36ea6cf04c22","2025-10-12 16:48:01+00","2025-11-13 22:03:44+00","jamesadrian@example.net","0057418063661","Hayden Mckinney",False,True,False,"1955-04-28","female",True,"2025-10-12 16:48:01+00","1.0.0","doctor","active",NULL,NULL,True,True,"+91",False
"pbkdf2_sha256$720000$nlmw03pU+XCtEzin$2umABiDnncvMoSfASz2t9WFKjT8hacd+3W8u3bDItS0=",NULL,"b1e492c1-998d-4dd8-9c5f-3c9f971f7cb3","2025-11-21 15:47:34+00","2025-12-18 22:44:12+00","oliviasalazar@example.com","3963052578376","Vincent Morgan",False,True,False,"1995-02-27","other",True,"2025-11-21 15:47:34+00","1.0.0","doctor","active",NULL,NULL,True,False,"+91",False
"pbkdf2_sha256$720000$Tx/gt7KMno1Vgef/$c+FM0Dj59cJfogSWDh7H8FqZyK23ZTroUnUIUQ4P2xQ=",NULL,"de353487-f935-4552-a6ce-a13fe00504cf","2025-10-09 06:11:39+00","2025-11-18 16:57:37+00","schwartzerica@example.org","6708674967107","Kristina Ortiz",False,True,False,"1996-11-23","female",True,"2025-10-09 06:11:39+00","1.0.0","doctor","active",NULL,NULL,True,False,"+91",False
"pbkdf2_sha256$720000$ooyNqUwGyVz5c+hT$LulvLttKejJA0C3yp86C/FX1t4NWtus8lMm3aaCyL8U=",NULL,"f8b251ce-b502-4409-9341-d5acab012d55","2025-10-15 11:15:12+00","2025-12-07 16:50:31+00","ksanders@example.com","2456179502245","Patricia Little",False,True,False,"2007-07-07","other",True,"2025-10-15 11:15:12+00","1.0.0","doctor","active",NULL,NULL,False,True,"+91",False
"pbkdf2_sha256$720000$N8+lnrGW1ediOnmi$eQnq8+uBADSUltxBAO0v3e+xrYfP4ar7AFGPe7DH2Kc=",NULL,"3bef5283-ea71-4e54-bbd4-e3a4bb36ec83","2025-12-12 20:10:04+00","2025-12-15 13:21:25+00","newmancurtis@example.org","9828353016344","Eric Mathis",False,True,False,"1970-03-17","other",True,"2025-12-12 20:10:04+00","1.0.0","doctor","active",NULL,NULL,False,True,"+91",False
"pbkdf2_sha256$720000$02ID+p8eqApRy55G$XhpcMc3UR1PItVDzRGxvWx65Yr47H+uy77KkL8ZTEUs=",NULL,"696a84aa-c8cd-4dc8-bc19-8589d8d57330","2025-12-22 08:32:18+00","2025-12-25 14:33:01+00","rjones@example.com","2967569663072","Kimberly Brown",False,True,False,"1988-06-14","other",True,"2025-12-22 08:32:18+00","1.0.0","doctor","active",NULL,NULL,True,False,"+91",False
"pbkdf2_sha256$720000$LvCAxQ9AYI9Mujeq$KXpIwdVjAYYqb3bi4hnCFbuz620vIfSIXjbJxhsDZl4=",NULL,"4f00aa6e-d54f-4ec5-93bc-0b7d3f908548","2025-10-27 06:01:12+00","2025-11-27 10:19:52+00","jmartin@example.com","9780870386167","Olivia Holland",False,True,False,"1980-06-16","other",True,"2025-10-27 06:01:12+00","1.0.0","doctor","active",NULL,NULL,True,False,"+91",False
"pbkdf2_sha256$720000$N6uDQfPODBqxYaeJ$0czGfGrXQ1AvYrmmDdmOqs3EMEYeZ7fuoCYg0JzPOA0=",NULL,"c051c0a3-8b86-4377-80f3-8ed7c31ad70c","2025-10-14 06:13:55+00","2025-11-17 01:43:55+00","ljames@example.net","4029546236600","Diane Young",False,True,False,"1971-03-14","other",True,"2025-10-14 06:13:55+00","1.0.0","doctor","active",NULL,NULL,True,True,"+91",False
"pbkdf2_sha256$720000$wjl03mPDCffQlDjn$hGiDPryGIC/m2rUmmgM66mVHT4Bfv9lGXnu5AW7QH+A=",NULL,"c9bb739c-98df-4051-bcf3-824fdf7bdc5c","2025-11-04 01:43:17+00","2025-11-30 09:42:08+00","donaldcabrera@example.org","0064003973861","Jeremy Taylor",False,True,False,"1987-06-30","other",True,"2025-11-04 01:43:17+00","1.0.0","doctor","active",NULL,NULL,False,False,"+91",False
"pbkdf2_sha256$720000$K83cke+Bk+jRvO7S$5Ugi5ufqvskePqRMa9DOsQfHxMl+BLZ4lUQ0novGIDY=",NULL,"6bc757af-a90e-436b-9317-ed2c6b45a82b","2025-11-08 18:12:50+00","2025-11-13 03:25:04+00","pramos@example.org","5262531958398","Deborah Nguyen",False,True,False,"1972-06-18","other",True,"2025-11-08 18:12:50+00","1.0.0","doctor","active",NULL,NULL,True,False,"+91",False
"pbkdf2_sha256$720000$DmaI1TRqrq0juwtf$Ao6IGZayJlsXjMM87wcKuBaJ0Tapy2tbhHncLrrAwuo=",NULL,"bf84577e-4b8f-4355-8ddf-557ffddfa799","2025-10-05 11:47:17+00","2025-10-29 10:41:14+00","qmiller@example.org","2108173446075","Thomas Mccall",False,True,False,"1966-02-19","male",True,"2025-10-05 11:47:17+00","1.0.0","doctor","active",NULL,NULL,False,True,"+91",False
"pbkdf2_sha256$720000$3mfPhU6SYFPuV+U8$7fcpy5Gh9tK+xl8sO3ZQrqRvNn9MbE+ihlF9ta+B91Q=",NULL,"e38d01bb-c61f-42c9-91b2-978cc8f6478e","2025-10-05 04:32:31+00","2025-11-13 18:40:43+00","nelsonwilliam@example.com","1335185561001","Jason Barry",False,True,False,"1971-03-21","other",True,"2025-10-05 04:32:31+00","1.0.0","doctor","active",NULL,NULL,True,False,"+91",False
"pbkdf2_sha256$720000$s8rphba+On7VEB+J$SD0A3dTcfCu7vf/K6E6DiwAZjqrQznjOYhVH2KODUFA=",NULL,"03dcbb76-94f3-4c25-8f84-70be813ee063","2025-10-13 20:10:13+00","2025-11-26 16:36:38+00","gregbrown@example.com","4218639270136","Evan Arnold",False,True,False,"1977-07-30","female",True,"2025-10-13 20:10:13+00","1.0.0","doctor","active",NULL,NULL,False,False,"+91",False
"pbkdf2_sha256$720000$oMBk449eB1QNpk7A$NBTMKOzqofUFUiMahf0DJbY3pxOxtB3nlxgR1AgUR1w=",NULL,"bb05855c-6cb5-434c-ad24-52ba50277c75","2025-10-06 02:45:20+00","2025-12-22 20:02:36+00","robert23@example.org","3568529340980","Michael Pearson",False,True,False,"1991-10-20","male",True,"2025-10-06 02:45:20+00","1.0.0","doctor","active",NULL,NULL,False,False,"+91",False
"pbkdf2_sha256$720000$f8kY5OCoLK1oToY7$s5lh3FQuQxnJ6KkZm0RFsyp+56ioux9EZwQJ3HSOFsw=",NULL,"655b4677-236d-4381-952c-6a2b687042c9","2025-12-23 07:36:40+00","2025-12-24 13:38:48+00","wagnermckenzie@example.com","1546022554497","Seth Rodriguez",False,True,False,"1994-07-23","male",True,"2025-12-23 07:36:40+00","1.0.0","doctor","active",NULL,NULL,False,True,"+91",False
"pbkdf2_sha256$720000$EVnFjsS3r0sijO5r$suc0aAwzhhfPlRRkdLASzJX+uNCEdQUT/jQ0aPtdK4A=",NULL,"92cd9981-19a5-4e01-aaf8-09704f61bfb9","2025-11-03 04:10:29+00","2025-11-07 07:20:20+00","ybrooks@example.com","1374998120833","Patrick Brown",False,True,False,"1999-07-31","other",True,"2025-11-03 04:10:29+00","1.0.0","doctor","active",NULL,NULL,False,True,"+91",False
"pbkdf2_sha256$720000$R8ddqZ9mjqNGRTu8$8pMLPizFe5HkEmNeA9rN7/3W/8zXccZhOd+PBxOdWfc=",NULL,"12e08a3b-86f0-47a7-be7e-0449570700b3","2025-10-25 05:42:47+00","2025-11-07 10:31:27+00","brightcassandra@example.net","6372485147131","Tammy Hoffman",False,True,False,"1957-01-16","female",True,"2025-10-25 05:42:47+00","1.0.0","doctor","active",NULL,NULL,False,False,"+91",False
"pbkdf2_sha256$720000$lb1j6B+cgYW+3N96$KHuQHBqZplS1fQmwqBqAT90+HfnBh5r3SH7FqfsiiQo=",NULL,"1abf68c7-0880-4ab2-9a4c-158345ee2a8f","2025-11-06 03:43:48+00","2025-12-18 00:11:16+00","sandrahughes@example.com","6159971388650","Jacob Caldwell",False,True,False,"2005-01-29","other",True,"2025-11-06 03:43:48+00","1.0.0","doctor","active",NULL,NULL,True,True,"+91",False
"pbkdf2_sha256$720000$0hNj0VoD8acnAL1h$Ciz5C376yD8QSEIbaZTM22655a0TCAQOJv05PJ1qyqo=",NULL,"8c987151-f856-4f48-b8ac-692fe69889d1","2025-10-25 11:25:16+00","2025-11-15 14:02:29+00","andrew25@example.net","9818774083002","Amber Pratt",False,True,False,"1950-05-31","male",True,"2025-10-25 11:25:16+00","1.0.0","doctor","active",NULL,NULL,True,False,"+91",False
"pbkdf2_sha256$720000$eu0NtutdKPCJ4AoR$+WbpLggqwb7WBSCOiz6DVqXsPHJsZVT5e1dpcDg+tRg=",NULL,"2c9087bb-5c7d-4761-8420-f28ec769ce88","2025-10-07 07:42:26+00","2025-10-22 07:03:27+00","fosteramy@example.org","0273928400101","John Mcneil",False,True,False,"1971-12-17","female",True,"2025-10-07 07:42:26+00","1.0.0","doctor","active",NULL,NULL,True,True,"+91",False
"pbkdf2_sha256$720000$ujxOOx1yjiIocoKp$LOMtrWiXUB3puJvFy2gjEjmBFFw3PuySbQlTL62SW1M=",NULL,"77fbc89c-b044-4408-8358-49734623a15c","2025-12-09 09:34:05+00","2025-12-14 19:04:08+00","alexanderwheeler@example.com","8092193306529","Patrick Bell",False,True,False,"2005-03-15","male",True,"2025-12-09 09:34:05+00","1.0.0","doctor","active",NULL,NULL,False,False,"+91",False
"pbkdf2_sha256$720000$qJ69Fa+JlNX0fndV$KK6gS6QDOq3bpHat4007bXBdqti5+XbMH2RtgYZ2qAI=",NULL,"c659aa1c-f012-45a1-ac8b-125e5a34c3ed","2025-12-08 16:15:51+00","2025-12-27 10:57:20+00","sandra97@example.com","1932438100714","Christopher Lane",False,True,False,"1956-02-25","male",True,"2025-12-08 16:15:51+00","1.0.0","doctor","active",NULL,NULL,False,True,"+91",False
"pbkdf2_sha256$720000$sDoYqdIwuQqByHdx$+y1n0TG7wyuKDatlSSPaIldkmzpzWSkZXWgQGAiG/Dw=",NULL,"657d7e9a-ad08-456b-ad7f-c58e4144df19","2025-12-26 02:07:05+00","2025-12-26 15:57:40+00","jennifer05@example.net","3199919126026","Daniel Hill",False,True,False,"1973-08-22","male",True,"2025-12-26 02:07:05+00","1.0.0","doctor","active",NULL,NULL,False,True,"+91",False
"pbkdf2_sha256$720000$969VekM+RCBbYcuE$EiEGmvHFR15+S969s3qAqfJD673Dm/AwCgDcBXnHssw=",NULL,"0b588c83-d636-4b51-9970-0eeadb6ad5d4","2025-12-11 22:32:24+00","2025-12-18 05:49:40+00","melissamitchell@example.net","1146894209644","Jordan Porter",False,True,False,"1987-02-15","female",True,"2025-12-11 22:32:24+00","1.0.0","doctor","active",NULL,NULL,True,False,"+91",False
"pbkdf2_sha256$720000$NIGZ7HNDmp3KTzWY$0jZ2QtTnERIeAmggBjNya2tr72mzGm3aQnZBadITBYM=",NULL,"25525cb8-fa1a-42f4-86c5-97fa67bd7f40","2025-11-10 07:14:03+00","2025-12-07 20:06:06+00","zclayton@example.net","2939926098185","Erika Graham",False,True,False,"1981-04-25","female",True,"2025-11-10 07:14:03+00","1.0.0","doctor","active",NULL,NULL,False,False,"+91",False
"pbkdf2_sha256$720000$NOBIvNsWgSRbw1BG$dDKIuWMqIVOgMMzCFwMDnOxYS2YT3Ym41K3wL0tnOW4=",NULL,"46af031e-ef19-4c87-98bf-69d0d2615618","2025-12-17 22:34:30+00","2025-12-22 21:38:10+00","chad34@example.net","4404187621040","Shawn Higgins",False,True,False,"1961-10-08","male",True,"2025-12-17 22:34:30+00","1.0.0","doctor","active",NULL,NULL,True,False,"+91",False
"pbkdf2_sha256$720000$UpUg3Zep+XHjvUjn$lubgBFnUdfC8JhQmOTVgDQn5mYr7IjhWOYjtJQoCBtQ=",NULL,"02f86e34-be52-4d96-81a9-14afc7880662","2025-11-06 05:11:22+00","2025-12-18 01:14:25+00","xgutierrez@example.net","6433993161682","Alexandra Burton",False,True,False,"1976-05-04","female",True,"2025-11-06 05:11:22+00","1.0.0","doctor","active",NULL,NULL,False,False,"+91",False
"pbkdf2_sha256$720000$vwibn60VA2V18WJ+$UAWXL7cQN/I4kVeQC1yyM2qLvKG2fzUPW6pI64Yq6CY=",NULL,"421505be-2703-4a62-8fbe-f85c097388ec","2025-10-15 14:30:55+00","2025-12-20 16:10:55+00","gwashington@example.org","2626556080501","Victoria Li",False,True,False,"1970-07-09","female",True,"2025-10-15 14:30:55+00","1.0.0","doctor","active",NULL,NULL,False,True,"+91",False
"pbkdf2_sha256$720000$bLotXMTAcW2SPQxM$Rj9VGaGEgTGfBWjGTtqKx/fsUoc3fx6pYzNGUVymA2Q=",NULL,"e18f65e2-b393-4176-952f-4f8d1babfe3a","2025-11-26 09:03:35+00","2025-12-07 23:14:44+00","lmiller@example.net","4838067205788","Jason Irwin",False,True,False,"1950-09-21","male",True,"2025-11-26 09:03:35+00","1.0.0","doctor","active",NULL,NULL,False,True,"+91",False
"pbkdf2_sha256$720000$CrBJWYVNH2HYkISd$1FUp2DbUawVLhqNh0JwsMurwiuXSfYLkR7R9RA2jgFY=",NULL,"7489b583-1ca5-4bff-a8c9-a75f65a7e3f4","2025-11-28 15:08:42+00","2025-12-13 22:26:04+00","matthew31@example.com","7622009820030","Maria Hernandez",False,True,False,"1975-11-07","other",True,"2025-11-28 15:08:42+00","1.0.0","doctor","active",NULL,NULL,True,False,"+91",False
"pbkdf2_sha256$720000$yMINtz6Ecd3NZqvJ$9yTx4UAU7RE1t0O4pPv0D5x0narve53ezYM5lKfBblI=",NULL,"16aa9107-f45e-4fd3-baf1-11ab64dc5fea","2025-12-20 00:34:31+00","2025-12-23 05:13:03+00","anndixon@example.net","3574427824058","Brett Martin",False,True,False,"2000-09-14","male",True,"2025-12-20 00:34:31+00","1.0.0","doctor","active",NULL,NULL,True,True,"+91",False
"pbkdf2_sha256$720000$qDtwx6ieIhRWNGTZ$tyY9P8TzZXFX1M6urpxbtQPT0leenvyPbhTRpc+Cync=",NULL,"6442c519-b782-4ab8-a530-b0b36b0a4548","2025-12-18 19:43:33+00","2025-12-24 02:33:38+00","bellbrittany@example.net","0538982557370","Ryan Erickson",False,True,False,"1967-11-10","female",True,"2025-12-18 19:43:33+00","1.0.0","doctor","active",NULL,NULL,False,True,"+91",False
"pbkdf2_sha256$720000$n3dinvArnk/i95Oh$CU4AnUoZtSrEu28LUN3N4fi5tKGLqYa6KmuOy8yUtrE=",NULL,"627d9094-20d3-43a7-adb2-83cca5ab458c","2025-11-19 19:53:02+00","2025-11-23 12:57:19+00","farrellkelly@example.org","5807794379523","Dawn Powell",False,True,False,"1945-06-28","male",True,"2025-11-19 19:53:02+00","1.0.0","doctor","active",NULL,NULL,False,True,"+91",False
"pbkdf2_sha256$720000$SVjSSZXzSMbsjGKD$2RKMuRA+bUIdVgBxeC0py0nL8KG8jRz41nfukVrvtAk=",NULL,"cf6557e8-6669-4f9f-a31d-61454ccf5c7c","2025-12-26 23:23:28+00","2025-12-27 05:48:55+00","pughbrandon@example.org","7827827852689","Amy Miller",False,True,False,"1963-01-31","male",True,"2025-12-26 23:23:28+00","1.0.0","doctor","active",NULL,NULL,True,True,"+91",False
"pbkdf2_sha256$720000$mSo5pnLA9f6sVZek$of6L09U8n8Ye0lhEbNuTvNi5le+FnhRvJ+e81aUduM4=",NULL,"5bb47335-1fcb-460f-a6fb-fd613e4305b9","2025-11-29 07:55:48+00","2025-12-25 20:19:07+00","james34@example.net","9827050750493","Justin Ramirez",False,True,False,"1949-05-07","other",True,"2025-11-29 07:55:48+00","1.0.0","doctor","active",NULL,NULL,True,True,"+91",False
"pbkdf2_sha256$720000$6zdIiq5+CRYNkIaU$0/Gpw5CznAALqJBzTNm8fXhhb293DKnKb4Zp2fEHyqI=",NULL,"37c84cbc-549d-4eef-a05b-39ae9377c6aa","2025-10-15 18:56:36+00","2025-11-26 05:17:42+00","kzhang@example.com","7269066807698","Scott Fletcher",False,True,False,"1977-09-17","female",True,"2025-10-15 18:56:36+00","1.0.0","doctor","active",NULL,NULL,False,False,"+91",False
"pbkdf2_sha256$720000$zfROUq4d4coxMqao$Un+Jp/ppSaFQ0sJiTtq8xUREQoCrONtH0b4Bav1vVhU=",NULL,"249836af-667d-452c-94bc-46d2ec292353","2025-11-02 05:28:27+00","2025-12-07 06:00:42+00","rbyrd@example.net","1905636594936","Troy Kim",False,True,False,"2005-02-04","other",True,"2025-11-02 05:28:27+00","1.0.0","doctor","active",NULL,NULL,False,True,"+91",False
"pbkdf2_sha256$720000$rwTDGWLXehbOT7z1$sxaM1+yDhVJVlitz1ebf0W2p3IGZq3ZQSW5yk7MdCGA=",NULL,"3819f0c3-c92b-48e2-a546-8985f8b932b8","2025-11-30 21:09:07+00","2025-12-15 23:37:51+00","wramirez@example.com","5911091622543","Jeremy Lindsey",False,True,False,"1978-08-04","other",True,"2025-11-30 21:09:07+00","1.0.0","doctor","active",NULL,NULL,False,False,"+91",False
"pbkdf2_sha256$720000$42Q/A/bbhSeyI1Qq$4AtMzliMW5/mKam/q6pQNR1nYlO5m4wx+DrOSnmf+2A=",NULL,"f8985d07-5e13-4bc3-8d47-b32339198929","2025-12-26 06:55:34+00","2025-12-26 15:18:14+00","rachelmelton@example.org","0175547463427","David Chavez",False,True,False,"2001-12-17","other",True,"2025-12-26 06:55:34+00","1.0.0","doctor","active",NULL,NULL,False,True,"+91",False
"pbkdf2_sha256$720000$wUITioYZamGSy/IO$4gB9nS2uBEhkhM/DqtfDZHuXBZOYDbfvFH3I9rC17Tc=",NULL,"ed203dcc-832b-48d3-ba1b-bb09660613c9","2025-11-16 13:23:47+00","2025-12-19 19:21:59+00","hudsonjoshua@example.org","1890423773617","David Mitchell",False,True,False,"1986-03-07","male",True,"2025-11-16 13:23:47+00","1.0.0","doctor","active",NULL,NULL,True,True,"+91",False
"pbkdf2_sha256$720000$r5QKXDoLEGHgpBOt$cOpiOgKGhHxh/f5rcv6sES3v40AuIFgWQv3Ty5R/eAY=",NULL,"f2ea4a02-d4c9-4eda-9541-e76dbf1f817b","2025-11-06 01:51:53+00","2025-11-06 12:52:48+00","andreadavis@example.net","6586659839029","Mark Brown",False,True,False,"1948-08-14","male",True,"2025-11-06 01:51:53+00","1.0.0","doctor","active",NULL,NULL,False,False,"+91",False
"pbkdf2_sha256$720000$WHIhvco5Mo1zuTXn$cGQqQp88D1slcTIVgz273wmG+ndGm7DPnUjt4fCbYm8=",NULL,"a058cf21-4d62-4a83-a9f0-64c9a0d6742c","2025-10-31 07:49:02+00","2025-11-14 01:56:42+00","fholmes@example.org","3542573478885","Robert Roberts DDS",False,True,False,"2007-11-19","female",True,"2025-10-31 07:49:02+00","1.0.0","doctor","active",NULL,NULL,True,False,"+91",False
"pbkdf2_sha256$720000$RaV8Ez5W++SKghWx$+v+GXOkqcGveSD/Gx2jy92q+QKLIcvK3x/uMUyIpNDQ=",NULL,"34c4036e-d6bd-4ab6-9fff-37586fa82d79","2025-10-31 05:50:09+00","2025-12-06 00:17:30+00","wellscarrie@example.com","7404168329006","John Martinez",False,True,False,"2000-03-08","male",True,"2025-10-31 05:50:09+00","1.0.0","doctor","active",NULL,NULL,False,False,"+91",False
"pbkdf2_sha256$720000$C/h0am9jPUBvuHWX$BiiOCg6d4adBhM5V3vXB5tKC9QLFW8l1CFVAegcsJhE=",NULL,"a412a0c1-97f8-4b68-bbe9-abca12119567","2025-12-18 03:41:24+00","2025-12-26 17:17:31+00","sarahgallagher@example.org","7639809911774","Jason Perez",False,True,False,"1999-01-19","other",True,"2025-12-18 03:41:24+00","1.0.0","doctor","active",NULL,NULL,False,True,"+91",False
"pbkdf2_sha256$720000$dVEIrEUPGhitIcii$/4MLQMy8Jqq4cIiLEluFn3aS451xWiB3WwOtQOLA+U0=",NULL,"9cb2000d-6e3b-4251-8e41-0470626ab8ac","2025-11-28 13:17:12+00","2025-12-14 12:24:52+00","williamsgabrielle@example.org","8494204244746","Hannah Gomez",False,True,False,"2007-06-27","female",True,"2025-11-28 13:17:12+00","1.0.0","doctor","active",NULL,NULL,False,False,"+91",False
"pbkdf2_sha256$720000$8lfkiVN1AK6LvDzt$PODPPQSCCXU1xgXxEN7IBgULkyWPOif5JGy4yz3LCvc=",NULL,"6ac57041-c4cb-4dfd-ba0f-288e35dcc1ca","2025-11-12 17:32:03+00","2025-12-09 09:40:52+00","zmendez@example.net","2662613114426","Taylor Thomas",False,True,False,"2006-06-04","male",True,"2025-11-12 17:32:03+00","1.0.0","doctor","active",NULL,NULL,False,True,"+91",False
"pbkdf2_sha256$720000$cIw/NkIJkqg6EdO/$DvO9lNXS3VjYgvhWigk14h5wXh1qeO8sJ9WRJnbM+A4=",NULL,"501fd2ed-9a72-47e2-a9f5-cdbc96d87b9f","2025-10-14 18:44:35+00","2025-11-13 06:51:10+00","jacksonamanda@example.net","5247681440146","Megan Herman",False,True,False,"2004-02-19","male",True,"2025-10-14 18:44:35+00","1.0.0","doctor","active",NULL,NULL,False,True,"+91",False
"pbkdf2_sha256$720000$BYAApkAx1D/jy147$2JY9vqAM2TyftQFW/xH0O1umcCusEschEDKk7TBioZY=",NULL,"290e3dc7-6649-436c-8511-330afb8f42cf","2025-12-07 09:58:42+00","2025-12-10 22:43:08+00","cookbrenda@example.net","9785262399134","Isaac Gallagher",False,True,False,"1973-05-11","female",True,"2025-12-07 09:58:42+00","1.0.0","doctor","active",NULL,NULL,False,False,"+91",False
"pbkdf2_sha256$720000$hYtspqHq2TFVhWmI$WcOWqKo7rKJPqyGqKfBA8nhvUJn6jv4nwsGEc8kN2OE=",NULL,"ce91e676-e7f9-48d2-8a24-0d43f4fb371f","2025-11-01 10:37:14+00","2025-11-10 03:09:02+00","nortonjared@example.net","1883251496401","Kathleen Erickson",False,True,False,"1948-07-17","male",True,"2025-11-01 10:37:14+00","1.0.0","doctor","active",NULL,NULL,False,True,"+91",False
"pbkdf2_sha256$720000$WJ8Cil92toDb1lVS$z56aIk+ooTa58hHVFYkljITanCclglrnriSg6SY0+ww=",NULL,"64e7bbec-4770-41e7-8dba-2851fffef5bc","2025-10-27 05:36:07+00","2025-10-30 23:14:22+00","josephwood@example.net","6313633695794","Barbara Green",False,True,False,"1988-03-08","other",True,"2025-10-27 05:36:07+00","1.0.0","doctor","active",NULL,NULL,True,False,"+91",False
"pbkdf2_sha256$720000$/mD414Zz0hNrQivx$0q4Gm8WaIhBTsJ2Juxh/aPTJBJj1DZfaG6xDKpo2ivU=",NULL,"e8e1ccad-2f89-4574-8892-91e331b5c787","2025-11-22 09:42:00+00","2025-11-30 10:03:12+00","rhonda51@example.net","1922435233213","Juan Baker",False,True,False,"2005-06-07","other",True,"2025-11-22 09:42:00+00","1.0.0","doctor","active",NULL,NULL,False,False,"+91",False
"pbkdf2_sha256$720000$62quhTg6TdgsyyK7$LSzk72txoTWJ7pkZa5mD4QB6xR6PfwcQXgrf18SzErI=",NULL,"587f49c6-0e8b-4516-83cb-fd0127f40316","2025-11-26 01:08:52+00","2025-12-14 11:03:08+00","summerramirez@example.org","2384976335157","Michele Walker MD",False,True,False,"1950-01-22","other",True,"2025-11-26 01:08:52+00","1.0.0","doctor","active",NULL,NULL,True,True,"+91",False
"pbkdf2_sha256$720000$kKqFCn3/rKkOPdoa$gGpk+TDfmRPjtGdhBzc9DpRI6zkw/CYRzgG38gBrRwQ=",NULL,"282cb479-8188-47c4-8876-3077093db3b6","2025-10-02 23:59:38+00","2025-10-18 21:54:42+00","johnholmes@example.net","7684956942764","James Davila",False,True,False,"1982-09-23","male",True,"2025-10-02 23:59:38+00","1.0.0","doctor","active",NULL,NULL,False,True,"+91",False
"pbkdf2_sha256$720000$fh2zY1Am4m+YkiTU$iE7zinB1yKpzkOn91TtmzelXUOc+4o/yLMbz2oPsRAg=",NULL,"bc60688d-2128-4352-8b6a-c6fda4120fca","2025-11-27 19:15:17+00","2025-12-07 18:54:56+00","millerjames@example.com","2855031074779","Kristin Stevenson",False,True,False,"1970-06-03","female",True,"2025-11-27 19:15:17+00","1.0.0","doctor","active",NULL,NULL,True,False,"+91",False
"pbkdf2_sha256$720000$gosRH9vFrN6fj9A+$U3+pz+MeVHtREOZZlgmgNGL8sxhHdxBlX1qtASOvkOA=",NULL,"b1b89f52-5f9f-4be6-8987-983f3f00f607","2025-10-02 23:54:35+00","2025-12-22 20:03:12+00","christian39@example.org","7878331188684","Dalton Pitts",False,True,False,"1976-07-08","other",True,"2025-10-02 23:54:35+00","1.0.0","doctor","active",NULL,NULL,False,True,"+91",False
"pbkdf2_sha256$720000$MNqrVOqdekFHlO5c$hq79hscpEyLUn7FynlfSCBf071v+RxNpc8FilVBPkeA=",NULL,"c97fc74e-0c44-41f6-9ab9-0f5c0cace0b7","2025-11-28 17:07:10+00","2025-12-13 09:45:42+00","ilee@example.org","2949103766374","Tamara White",False,True,False,"2002-06-07","male",True,"2025-11-28 17:07:10+00","1.0.0","doctor","active",NULL,NULL,True,False,"+91",False
"pbkdf2_sha256$720000$CB5K2B9Zp4bXNeCf$hpBYt18BYLoYXESN+na2iSwE2rm+QredwEOinsyde5k=",NULL,"49b7ddde-61a1-4e8b-b6f3-2f38e30aea75","2025-11-25 23:54:43+00","2025-12-22 15:29:22+00","lisaschultz@example.net","2918545152172","Alexander Frank",False,True,False,"1994-11-22","male",True,"2025-11-25 23:54:43+00","1.0.0","doctor","active",NULL,NULL,True,False,"+91",False
"pbkdf2_sha256$720000$AWIcUtHxGaXWWpDa$n85s62w+8zA+iGk15yEYhCoNiH8Z3WGA4q/W5H0hZXQ=",NULL,"806be900-cda2-416c-9d9d-3a0ac6a5c4c0","2025-12-26 17:20:10+00","2025-12-27 06:54:05+00","moorejeanette@example.org","7496402538006","Bradley Morales",False,True,False,"1952-11-28","male",True,"2025-12-26 17:20:10+00","1.0.0","doctor","active",NULL,NULL,False,True,"+91",False
"pbkdf2_sha256$1200000$KTrZPiL9P2VqWe6vembuaJ$LWAW0qqEropsqT0e8WcV2LI/J+ywQPWCWiHyBRQXSHU=",NULL,"056b546a-fda5-4acd-8d8e-9747eb00d7f1","2025-12-29 08:39:47.391925+00","2025-12-29 08:39:47.391939+00","mahesh@gmail.com","8923409234","Mahesh Kumar",False,True,False,"1886-08-09","male",True,NULL,NULL,"doctor","created",NULL,NULL,True,False,"+91",False
"pbkdf2_sha256$1200000$xarKJKBN5eXK9flchzLOEi$DwSZ/MqBQxBGCASjicsZGXhnKRAprepvWIe0yvFgPNc=",NULL,"e5c4e1b2-6f84-43dc-8aec-038dc3834203","2025-12-29 08:46:27.881617+00","2025-12-29 08:46:27.881629+00","dao@gmail.com","9878987898","Dao Nao",False,True,False,"2000-09-23","male",True,NULL,NULL,"doctor","created",NULL,NULL,True,True,"+91",False
"pbkdf2_sha256$1200000$yyGfHwDovxUAHi14IptnKP$7tyrG6+sIpU2Eaxyg9uvtCrw/ueZmf8m1NwX3BdbSD0=",NULL,"84271076-9e87-48df-8d81-1bf2f83d47c1","2025-12-29 09:01:28.284568+00","2025-12-29 09:01:28.284578+00","doctor@gmail.com","+19583985394","Doctor alok",False,True,False,NULL,NULL,True,NULL,NULL,"doctor","created",NULL,NULL,True,True,"+91",False
"pbkdf2_sha256$1200000$PhapuDKiDZhFiw2vHQNCmI$ADMC8bAXCi3zr68mskbW6UaRR3VAr06267SV/C8Rd+M=",NULL,"d01f7986-c61e-4c80-8c7b-7eff94e60720","2026-01-02 06:23:08.097922+00","2026-01-02 06:23:08.097932+00","docalok@gmail.com","+919998887776","Doctor Alok",False,True,False,NULL,NULL,True,"2026-01-02 06:23:05.454817+00","1.0.0","doctor","created",NULL,NULL,True,True,"+91",False
"pbkdf2_sha256$1200000$xd7RSA50Lc5mhhNhgO5YMj$o0XdhVQwE+20Ne0i8ccDWBEsEQPapXKquUmx6e//Lc0=",NULL,"a9a5c55e-04a2-4de6-91cb-7239be920511","2026-01-02 06:28:34.688283+00","2026-01-05 07:17:59.873866+00","doctor1@gmail.com","+919878987888","Doctor one",False,True,False,NULL,NULL,True,"2026-01-02 06:28:31.794168+00","1.0.0","doctor","created",NULL,NULL,True,True,"+91",False
